dur,proto,service,state,spkts,dpkts,sbytes,dbytes,rate,sttl,dttl,sload,dload,sloss,dloss,sinpkt,dinpkt,sjit,djit,swin,stcpb,dtcpb,dwin,tcprtt,synack,ackdat,smean,dmean,trans_depth,response_body_len,ct_srv_src,ct_state_ttl,ct_dst_ltm,ct_src_dport_ltm,ct_dst_sport_ltm,ct_dst_src_ltm,is_ftp_login,ct_ftp_cmd,ct_flw_http_mthd,ct_src_ltm,ct_srv_dst,is_sm_ips_ports,prediction,confidence
0.0,udp,-,-,1,0,144,0,0.0,64,64,0.0,0.0,0,0,0.0,0.0,0.0,0.0,0,0,0,0,0.0,0.0,0.0,144.0,0.0,0,0,1,1,1,1,1,1,0,0,0,1,1,0,Normal,0.03515625
0.0,udp,-,-,1,0,115,0,0.0,64,64,0.0,0.0,0,0,0.0,0.0,0.0,0.0,0,0,0,0,0.0,0.0,0.0,115.0,0.0,0,0,1,1,1,1,1,1,0,0,0,1,1,0,Normal,0.03515625
0.0,udp,-,-,1,0,132,0,0.0,64,64,0.0,0.0,0,0,0.0,0.0,0.0,0.0,0,0,0,0,0.0,0.0,0.0,132.0,0.0,0,0,1,1,1,1,1,1,0,0,0,1,1,0,Normal,0.03515625
0.8242061138153076,tcp,https,ACC,13,0,3367,0,4085.1431984821393,128,64,32681.145587857114,0.0,0,0,68.6838428179423,0.0,102.76849710080869,0.0,0,0,0,0,0.0,0.0,0.0,259.0,0.0,0,0,1,1,1,1,1,1,0,0,0,1,1,0,Attack,0.8359375
0.0,udp,-,-,1,0,115,0,0.0,64,64,0.0,0.0,0,0,0.0,0.0,0.0,0.0,0,0,0,0,0.0,0.0,0.0,115.0,0.0,0,0,1,1,1,1,1,1,0,0,0,1,1,0,Normal,0.03515625
6.894587993621826,tcp,-,ACC,28,0,5794,0,840.3692875281339,128,64,6722.954300225071,0.0,0,0,255.35511087488243,0.0,486.19363901747414,0.0,0,0,0,0,0.0,0.0,0.0,206.92857142857142,0.0,0,0,1,1,1,1,1,1,0,0,0,1,1,0,Attack,0.8359375
0.8239150047302246,tcp,-,ACC,13,0,2974,0,3609.595629313463,82,64,28876.765034507705,0.0,0,0,68.65958372751872,0.0,115.2943942700088,0.0,0,0,0,0,0.0,0.0,0.0,228.76923076923077,0.0,0,0,1,1,1,1,1,1,0,0,0,1,1,0,Attack,0.5
6.92884087562561,udp,https,-,35,0,14378,0,2075.094558828615,128,64,16600.75647062892,0.0,0,0,203.78943751840032,0.0,515.9480120378656,0.0,0,0,0,0,0.0,0.0,0.0,410.8,0.0,0,0,1,1,1,1,1,1,0,0,0,1,1,0,Attack,0.8359375
6.835431098937988,tcp,-,ACC,31,0,8451,0,1236.3521594582412,82,64,9890.81727566593,0.0,0,0,227.84770329793295,0.0,470.9690464108807,0.0,0,0,0,0,0.0,0.0,0.0,272.61290322580646,0.0,0,0,1,1,1,1,1,1,0,0,0,1,1,0,Attack,0.5
7.016516923904419,udp,-,-,36,0,12949,0,1845.5025677889173,82,64,14764.020542311338,0.0,0,0,200.47191211155481,0.0,500.7799001578053,0.0,0,0,0,0,0.0,0.0,0.0,359.69444444444446,0.0,0,0,1,1,1,1,1,1,0,0,0,1,1,0,Attack,0.8359375
0.0,tcp,-,ACC,1,0,41,0,0.0,128,64,0.0,0.0,0,0,0.0,0.0,0.0,0.0,0,0,0,0,0.0,0.0,0.0,41.0,0.0,0,0,1,1,1,1,1,1,0,0,0,1,1,0,Attack,0.5
0.0,tcp,-,ACC,1,0,52,0,0.0,113,64,0.0,0.0,0,0,0.0,0.0,0.0,0.0,0,0,0,0,0.0,0.0,0.0,52.0,0.0,0,0,1,1,1,1,1,1,0,0,0,1,1,0,Attack,0.5
11.979705810546875,tcp,https,ACC,11,0,908,0,75.79484958642317,128,64,606.3587966913854,0.0,0,0,1197.9705810546875,0.0,3484.0534776987424,0.0,0,0,0,0,0.0,0.0,0.0,82.54545454545455,0.0,0,0,1,1,1,1,1,1,0,0,0,1,1,0,Attack,0.5
12.010669946670532,tcp,-,ACC,10,0,2089,0,173.92868251942016,243,64,1391.4294601553613,0.0,0,0,1334.5188829633926,0.0,3644.7557088559565,0.0,0,0,0,0,0.0,0.0,0.0,208.9,0.0,0,0,1,1,1,1,1,1,0,0,0,1,1,0,Attack,0.99609375
11.983252048492432,tcp,https,ACC,5,0,356,0,29.708129192257708,128,64,237.66503353806166,0.0,0,0,2995.813012123108,0.0,5178.735968124699,0.0,0,0,0,0,0.0,0.0,0.0,71.2,0.0,0,0,1,1,1,1,1,1,0,0,0,1,1,0,Attack,0.5
11.981488943099976,tcp,-,ACC,6,0,727,0,60.676932846369844,243,64,485.41546277095875,0.0,0,0,2396.297788619995,0.0,4749.788036073858,0.0,0,0,0,0,0.0,0.0,0.0,121.16666666666667,0.0,0,0,1,1,1,1,1,1,0,0,0,1,1,0,Attack,0.99609375
25.14719009399414,tcp,https,ACC,6,0,330,0,13.122738515378437,128,64,104.9819081230275,0.0,0,0,5029.438018798828,0.0,2896.999985619724,0.0,0,0,0,0,0.0,0.0,0.0,55.0,0.0,0,0,1,1,1,1,1,1,0,0,0,1,1,0,Attack,0.5
26.11312198638916,tcp,-,ACC,7,0,548,0,20.985617893013018,42,64,167.88494314410414,0.0,0,0,4352.186997731526,0.0,2976.38166883734,0.0,0,0,0,0,0.0,0.0,0.0,78.28571428571429,0.0,0,0,1,1,1,1,1,1,0,0,0,1,1,0,Normal,0.0
8.92129111289978,tcp,-,ACC,5,0,239,0,26.789844314621334,52,64,214.31875451697067,0.0,0,0,2230.322778224945,0.0,3856.090996733202,0.0,0,0,0,0,0.0,0.0,0.0,47.8,0.0,0,0,1,1,1,1,1,1,0,0,0,1,1,0,Normal,0.03515625
8.91213607788086,tcp,https,ACC,4,0,160,0,17.953047238260417,128,64,143.62437790608334,0.0,0,0,2970.7120259602866,0.0,4199.228671907983,0.0,0,0,0,0,0.0,0.0,0.0,40.0,0.0,0,0,1,1,1,1,1,1,0,0,0,1,1,0,Attack,0.5
0.0,tcp,https,ACC,1,0,41,0,0.0,128,64,0.0,0.0,0,0,0.0,0.0,0.0,0.0,0,0,0,0,0.0,0.0,0.0,41.0,0.0,0,0,1,1,1,1,1,1,0,0,0,1,1,0,Attack,0.5
0.0,tcp,-,ACC,1,0,52,0,0.0,52,64,0.0,0.0,0,0,0.0,0.0,0.0,0.0,0,0,0,0,0.0,0.0,0.0,52.0,0.0,0,0,1,1,1,1,1,1,0,0,0,1,1,0,Normal,0.03515625
15.027551889419556,udp,-,-,2,0,223,0,14.839409748237673,53,64,118.71527798590138,0.0,0,0,15027.551889419556,0.0,0.0,0.0,0,0,0,0,0.0,0.0,0.0,111.5,0.0,0,0,1,1,1,1,1,1,0,0,0,1,1,0,Normal,0.0078125
14.997671127319336,udp,https,-,2,0,118,0,7.867888220662108,128,64,62.94310576529686,0.0,0,0,14997.671127319336,0.0,0.0,0.0,0,0,0,0,0.0,0.0,0.0,59.0,0.0,0,0,1,1,1,1,1,1,0,0,0,1,1,0,Normal,0.1640625
0.0,tcp,-,ACC,1,0,41,0,0.0,128,64,0.0,0.0,0,0,0.0,0.0,0.0,0.0,0,0,0,0,0.0,0.0,0.0,41.0,0.0,0,0,1,1,1,1,1,1,0,0,0,1,1,0,Attack,0.5
0.0,tcp,-,ACC,1,0,52,0,0.0,113,64,0.0,0.0,0,0,0.0,0.0,0.0,0.0,0,0,0,0,0.0,0.0,0.0,52.0,0.0,0,0,1,1,1,1,1,1,0,0,0,1,1,0,Attack,0.5
0.013983964920043945,tcp,-,ACC,2,0,110,0,7866.152455969856,52,64,62929.21964775885,0.0,0,0,13.983964920043945,0.0,0.0,0.0,0,0,0,0,0.0,0.0,0.0,55.0,0.0,0,0,1,1,1,1,1,1,0,0,0,1,1,0,Normal,0.03515625
0.0,tcp,https,ACC,1,0,68,0,0.0,128,64,0.0,0.0,0,0,0.0,0.0,0.0,0.0,0,0,0,0,0.0,0.0,0.0,68.0,0.0,0,0,1,1,1,1,1,1,0,0,0,1,1,0,Attack,0.5
0.09966397285461426,tcp,dns,ACC,7,0,326,0,3270.9914190913855,128,64,26167.931352731084,0.0,0,0,16.61066214243571,0.0,23.668828001662643,0.0,0,0,0,0,0.0,0.0,0.0,46.57142857142857,0.0,0,0,1,1,1,1,1,1,0,0,0,1,1,0,Attack,0.9921875
0.09836602210998535,tcp,dns,ACC,7,0,326,0,3314.1525194084984,128,64,26513.220155267987,0.0,0,0,16.39433701833089,0.0,23.574697205187423,0.0,0,0,0,0,0.0,0.0,0.0,46.57142857142857,0.0,0,0,1,1,1,1,1,1,0,0,0,1,1,0,Attack,0.9921875
0.08988094329833984,tcp,-,ACC,6,0,311,0,3460.1327999830232,64,64,27681.062399864186,0.0,0,0,17.97618865966797,0.0,23.82339989973877,0.0,0,0,0,0,0.0,0.0,0.0,51.833333333333336,0.0,0,0,1,1,1,1,1,1,0,0,0,1,1,0,Normal,0.03515625
0.08922100067138672,tcp,-,ACC,6,0,414,0,4640.163155363155,64,64,37121.30524290524,0.0,0,0,17.844200134277344,0.0,23.92084184291637,0.0,0,0,0,0,0.0,0.0,0.0,69.0,0.0,0,0,1,1,1,1,1,1,0,0,0,1,1,0,Normal,0.03515625
0.0,udp,https,-,1,0,57,0,0.0,128,64,0.0,0.0,0,0,0.0,0.0,0.0,0.0,0,0,0,0,0.0,0.0,0.0,57.0,0.0,0,0,1,1,1,1,1,1,0,0,0,1,1,0,Attack,0.5
0.0,udp,-,-,1,0,55,0,0.0,53,64,0.0,0.0,0,0,0.0,0.0,0.0,0.0,0,0,0,0,0.0,0.0,0.0,55.0,0.0,0,0,1,1,1,1,1,1,0,0,0,1,1,0,Normal,0.03515625
0.08920693397521973,tcp,dns,ACC,7,0,329,0,3688.054115741619,128,64,29504.432925932953,0.0,0,0,14.867822329203287,0.0,22.495981395622977,0.0,0,0,0,0,0.0,0.0,0.0,47.0,0.0,0,0,1,1,1,1,1,1,0,0,0,1,1,0,Attack,0.9921875
0.08848881721496582,tcp,dns,ACC,7,0,329,0,3717.983925593225,128,64,29743.8714047458,0.0,0,0,14.748136202494303,0.0,22.420051027925567,0.0,0,0,0,0,0.0,0.0,0.0,47.0,0.0,0,0,1,1,1,1,1,1,0,0,0,1,1,0,Attack,0.9921875
0.08038496971130371,tcp,-,ACC,6,0,354,0,4403.80833968543,64,64,35230.46671748344,0.0,0,0,16.076993942260742,0.0,18.249297898542608,0.0,0,0,0,0,0.0,0.0,0.0,59.0,0.0,0,0,1,1,1,1,1,1,0,0,0,1,1,0,Normal,0.03515625
0.08038187026977539,tcp,-,ACC,6,0,348,0,4329.334448577174,64,64,34634.67558861739,0.0,0,0,16.076374053955078,0.0,18.250661116764142,0.0,0,0,0,0,0.0,0.0,0.0,58.0,0.0,0,0,1,1,1,1,1,1,0,0,0,1,1,0,Normal,0.03515625
0.07627677917480469,tcp,dns,ACC,7,0,334,0,4378.790027756245,128,64,35030.32022204996,0.0,0,0,12.712796529134115,0.0,21.134417983923043,0.0,0,0,0,0,0.0,0.0,0.0,47.714285714285715,0.0,0,0,1,1,1,1,1,1,0,0,0,1,1,0,Attack,0.96484375
0.07577300071716309,tcp,dns,ACC,7,0,334,0,4407.9025093214605,128,64,35263.220074571684,0.0,0,0,12.628833452860514,0.0,20.588209387706097,0.0,0,0,0,0,0.0,0.0,0.0,47.714285714285715,0.0,0,0,1,1,1,1,1,1,0,0,0,1,1,0,Attack,0.96484375
0.06520700454711914,tcp,-,ACC,6,0,358,0,5490.207723639661,64,64,43921.66178911729,0.0,0,0,13.041400909423828,0.0,16.659761338791853,0.0,0,0,0,0,0.0,0.0,0.0,59.666666666666664,0.0,0,0,1,1,1,1,1,1,0,0,0,1,1,0,Normal,0.03515625
0.06449294090270996,tcp,-,ACC,6,0,352,0,5457.961678798387,64,64,43663.693430387095,0.0,0,0,12.898588180541992,0.0,16.790031356202768,0.0,0,0,0,0,0.0,0.0,0.0,58.666666666666664,0.0,0,0,1,1,1,1,1,1,0,0,0,1,1,0,Normal,0.03515625
0.0,tcp,https,ACC,1,0,41,0,0.0,128,64,0.0,0.0,0,0,0.0,0.0,0.0,0.0,0,0,0,0,0.0,0.0,0.0,41.0,0.0,0,0,1,1,1,1,1,1,0,0,0,1,1,0,Attack,0.5
0.0,tcp,-,ACC,1,0,52,0,0.0,52,64,0.0,0.0,0,0,0.0,0.0,0.0,0.0,0,0,0,0,0.0,0.0,0.0,52.0,0.0,0,0,1,1,1,1,1,1,0,0,0,1,1,0,Normal,0.03515625
0.0,tcp,https,ACC,1,0,41,0,0.0,128,64,0.0,0.0,0,0,0.0,0.0,0.0,0.0,0,0,0,0,0.0,0.0,0.0,41.0,0.0,0,0,1,1,1,1,1,1,0,0,0,1,1,0,Attack,0.5
0.0,tcp,-,ACC,1,0,52,0,0.0,240,64,0.0,0.0,0,0,0.0,0.0,0.0,0.0,0,0,0,0,0.0,0.0,0.0,52.0,0.0,0,0,1,1,1,1,1,1,0,0,0,1,1,0,Attack,0.99609375
5.192824125289917,tcp,https,ACC,3,0,121,0,23.30138612064866,128,64,186.4110889651893,0.0,0,0,2596.4120626449585,0.0,2559.388041496277,0.0,0,0,0,0,0.0,0.0,0.0,40.333333333333336,0.0,0,0,1,1,1,1,1,1,0,0,0,1,1,0,Attack,0.5
5.040485143661499,tcp,-,ACC,2,0,92,0,18.252211320509826,52,64,146.0176905640786,0.0,0,0,5040.485143661499,0.0,0.0,0.0,0,0,0,0,0.0,0.0,0.0,46.0,0.0,0,0,1,1,1,1,1,1,0,0,0,1,1,0,Normal,0.0078125
0.09907793998718262,tcp,dns,ACC,7,0,333,0,3360.990348033872,128,64,26887.922784270977,0.0,0,0,16.51298999786377,0.0,21.412212289226897,0.0,0,0,0,0,0.0,0.0,0.0,47.57142857142857,0.0,0,0,1,1,1,1,1,1,0,0,0,1,1,0,Attack,0.9921875
0.09636402130126953,tcp,dns,ACC,7,0,333,0,3455.6465733089217,128,64,27645.172586471374,0.0,0,0,16.060670216878254,0.0,21.738718941900995,0.0,0,0,0,0,0.0,0.0,0.0,47.57142857142857,0.0,0,0,1,1,1,1,1,1,0,0,0,1,1,0,Attack,0.9921875
0.08353686332702637,tcp,-,ACC,6,0,366,0,4381.299290197187,64,64,35050.39432157749,0.0,0,0,16.707372665405273,0.0,21.78684449000025,0.0,0,0,0,0,0.0,0.0,0.0,61.0,0.0,0,0,1,1,1,1,1,1,0,0,0,1,1,0,Normal,0.03515625
0.08187413215637207,tcp,-,ACC,6,0,427,0,5215.3224559921955,64,64,41722.579647937564,0.0,0,0,16.374826431274414,0.0,21.972055147044344,0.0,0,0,0,0,0.0,0.0,0.0,71.16666666666667,0.0,0,0,1,1,1,1,1,1,0,0,0,1,1,0,Normal,0.03515625
0.0,udp,dns,-,1,0,67,0,0.0,128,64,0.0,0.0,0,0,0.0,0.0,0.0,0.0,0,0,0,0,0.0,0.0,0.0,67.0,0.0,0,0,1,1,1,1,1,1,0,0,0,1,1,0,Attack,0.9921875
0.0,udp,-,-,1,0,206,0,0.0,64,64,0.0,0.0,0,0,0.0,0.0,0.0,0.0,0,0,0,0,0.0,0.0,0.0,206.0,0.0,0,0,1,1,1,1,1,1,0,0,0,1,1,0,Normal,0.03515625
0.0820469856262207,tcp,dns,ACC,7,0,333,0,4058.6500217940893,128,64,32469.200174352714,0.0,0,0,13.674497604370117,0.0,21.438498519931542,0.0,0,0,0,0,0.0,0.0,0.0,47.57142857142857,0.0,0,0,1,1,1,1,1,1,0,0,0,1,1,0,Attack,0.9921875
0.0823678970336914,tcp,dns,ACC,7,0,333,0,4042.837221688337,128,64,32342.697773506698,0.0,0,0,13.727982838948568,0.0,21.57458228067813,0.0,0,0,0,0,0.0,0.0,0.0,47.57142857142857,0.0,0,0,1,1,1,1,1,1,0,0,0,1,1,0,Attack,0.9921875
0.07604217529296875,tcp,-,ACC,6,0,366,0,4813.118491020367,64,64,38504.94792816294,0.0,0,0,15.20843505859375,0.0,20.321111857029834,0.0,0,0,0,0,0.0,0.0,0.0,61.0,0.0,0,0,1,1,1,1,1,1,0,0,0,1,1,0,Normal,0.03515625
0.07681584358215332,tcp,-,ACC,6,0,363,0,4725.5876271381085,64,64,37804.70101710487,0.0,0,0,15.363168716430664,0.0,24.22723936726115,0.0,0,0,0,0,0.0,0.0,0.0,60.5,0.0,0,0,1,1,1,1,1,1,0,0,0,1,1,0,Normal,0.03515625
